{"cameraMode":{"drawMode":0,"name":"Shaded","section":"Shading Mode"},"sceneLighting":false,"audioPlay":false,"sceneViewState":{"showFog":true,"showMaterialUpdate":false,"showSkybox":false,"showFlares":true,"showImageEffects":true,"showParticleSystems":true},"in2DMode":false,"pivot":{"x":7.239999771118164,"y":0.5499999523162842,"z":16.219999313354493},"rotation":{"x":0.2304665446281433,"y":0.3057948052883148,"z":-0.07655420899391175,"w":0.9206053614616394},"size":4.041658401489258,"orthographic":false}