{"cameraMode":{"drawMode":0,"name":"Shaded","section":"Shading Mode"},"sceneLighting":true,"audioPlay":false,"sceneViewState":{"showFog":true,"showMaterialUpdate":false,"showSkybox":true,"showFlares":true,"showImageEffects":true,"showParticleSystems":true},"in2DMode":false,"pivot":{"x":511.6175537109375,"y":262.98980712890627,"z":-38.839569091796878},"rotation":{"x":0.044280849397182468,"y":-0.016780579462647439,"z":0.0007434054859913886,"w":0.9988779425621033},"size":315.30145263671877,"orthographic":false}