{"cameraMode":{"drawMode":0,"name":"Shaded","section":"Shading Mode"},"sceneLighting":false,"audioPlay":false,"sceneViewState":{"showFog":true,"showMaterialUpdate":false,"showSkybox":false,"showFlares":true,"showImageEffects":true,"showParticleSystems":true},"in2DMode":false,"pivot":{"x":7.239999771118164,"y":0.5499999523162842,"z":16.219999313354493},"rotation":{"x":0.10891604423522949,"y":0.34263452887535097,"z":-0.04003007709980011,"w":0.9322748780250549},"size":4.041658401489258,"orthographic":false}