{"cameraMode":{"drawMode":0,"name":"Shaded","section":"Shading Mode"},"sceneLighting":true,"audioPlay":false,"sceneViewState":{"showFog":true,"showMaterialUpdate":false,"showSkybox":false,"showFlares":true,"showImageEffects":true,"showParticleSystems":true},"in2DMode":false,"pivot":{"x":5.539999961853027,"y":1.309999704360962,"z":7.5},"rotation":{"x":-0.04573524743318558,"y":0.4648806154727936,"z":0.024054525420069696,"w":0.8838641047477722},"size":40.010372161865237,"orthographic":false}