{"cameraMode":{"drawMode":0,"name":"Shaded","section":"Shading Mode"},"sceneLighting":true,"audioPlay":false,"sceneViewState":{"showFog":true,"showMaterialUpdate":false,"showSkybox":false,"showFlares":true,"showImageEffects":true,"showParticleSystems":true},"in2DMode":false,"pivot":{"x":16.19999885559082,"y":1.309999704360962,"z":7.5},"rotation":{"x":-0.030499091371893884,"y":-0.31989890336990359,"z":-0.010304223746061325,"w":0.9469045996665955},"size":40.010372161865237,"orthographic":false}