{"cameraMode":{"drawMode":0,"name":"Shaded","section":"Shading Mode"},"sceneLighting":true,"audioPlay":false,"sceneViewState":{"showFog":true,"showMaterialUpdate":false,"showSkybox":true,"showFlares":true,"showImageEffects":true,"showParticleSystems":true},"in2DMode":false,"pivot":{"x":51.06336975097656,"y":9.832080841064454,"z":11.373558044433594},"rotation":{"x":0.17110738158226014,"y":0.4784519374370575,"z":-0.09564410895109177,"w":0.8559545874595642},"size":79.74990844726563,"orthographic":false}