{"cameraMode":{"drawMode":0,"name":"Shaded","section":"Shading Mode"},"sceneLighting":true,"audioPlay":false,"sceneViewState":{"showFog":true,"showMaterialUpdate":false,"showSkybox":true,"showFlares":true,"showImageEffects":true,"showParticleSystems":true},"in2DMode":false,"pivot":{"x":6.009819030761719,"y":27.88315200805664,"z":11.306865692138672},"rotation":{"x":-0.030499091371893884,"y":-0.31989890336990359,"z":-0.010304223746061325,"w":0.9469045996665955},"size":75.31889343261719,"orthographic":false}